id,firstname,lastname,age
1,khan,Simon,0
1,John,Romero,-1
1,Allison,Woods,71
1,Elizabeth,Henderson,33
5,Seth,Jones,75
6,Timothy,Clark,96
7,Michael,Richardson,99
8,Christina,Hill,30
9,Daniel,Ortiz,32
10,Michael,Bailey,53
11,Martin,Drake,98
12,Kenneth,Bryant,94
13,Michael,Taylor,99
14,Peter,Anderson,100
15,Hannah,Cobb,100
16,Megan,Small,48
17,Tina,Lester,41
18,Steven,Smith,90
19,April,Maddox,60
20,Donald,Steele,29
21,Lauren,Dominguez,24
22,Calvin,Tran,73
23,Traci,Parrish,95
24,Zachary,Bell,43
25,Christina,Greer,57
26,Joshua,Webb,100
27,Alexis,Blankenship,31
28,Catherine,Knight,26
29,Gordon,Serrano,78
30,Ricky,Young,66
31,Jonathan,Nelson,34
32,Amber,Morris,50
33,Gina,Jones,62
34,Jessica,Molina,79
35,Alan,Smith,78
36,Omar,Valencia,36
37,Jeffrey,Little,76
38,Barbara,Lopez,18
39,Jessica,Lozano,91
40,Erin,Wheeler,49
41,Jennifer,Zavala,95
42,Julie,Decker,27
43,Timothy,Davis,58
44,Amanda,Perez,44
45,Patrick,Vang,78
46,Rebecca,Adams,65
47,Emily,Martin,83
48,Steven,Cunningham,42
49,Jacob,Dunn,50
50,Darlene,Wilkerson,90
51,Lori,Anderson,42
52,Michael,Cabrera,35
53,Christian,Sims,85
54,Sarah,Porter,49
55,Courtney,Glover,40
56,Mark,Aguilar,51
57,Jessica,Reynolds,48
58,Morgan,Taylor,59
59,Michael,Bernard,62
60,Jane,Miller,46
61,Garrett,Pugh,99
62,Debra,Reed,82
63,Richard,West,41
64,Derrick,Ewing,77
65,Steven,Hampton,45
66,Gary,Miller,60
67,Adriana,Chen,81
68,Tracey,Johnson,48
69,Steven,Garner,85
70,Steven,Allen,18
71,Ann,Carr,66
72,Jose,Santos,97
73,Alisha,Thomas,84
74,William,Wallace,49
75,Kim,Riley,90
76,Michael,Gomez,93
77,Audrey,Carroll,26
78,Debra,Armstrong,82
79,Brittany,Kelley,86
80,Harry,Williams,38
81,Jeff,Woods,92
82,Kelsey,Stewart,97
83,Benjamin,Byrd,88
84,Mary,Fry,40
85,Amy,Ho,19
86,Jared,Salazar,65
87,Kathryn,Flores,28
88,Tyler,Johnson,25
89,Joyce,Donovan,96
90,Kathleen,Williams,70
91,Marissa,Baker,70
92,Shawn,Smith,44
93,Cheryl,Carroll,19
94,Thomas,Brown,97
95,Justin,Williams,80
96,Michelle,Ramirez,71
97,Donald,Wells,92
98,Chad,Warren,29
99,Andrew,Jackson,96
100,Ashley,Cross,93
101,Cynthia,White,82
102,Emily,Hawkins,90
103,Jessica,Phillips,58
104,Alyssa,Moore,93
105,Katrina,Anderson,90
106,Brandon,Patterson,21
107,Erica,Banks,25
108,Thomas,Johnson,54
109,Tanner,Martinez,37
110,Ronald,Davis,66
111,Janet,Jones,30
112,Dawn,Olson,80
113,Jeffrey,Phelps,98
114,Andrew,Smith,34
115,Deanna,Moore,23
116,Stephen,Chambers,99
117,Jacob,Krause,37
118,Manuel,Stevens,72
119,Destiny,Snyder,23
120,Robert,Moore,86
121,Joseph,Howard,23
122,Jill,Wallace,99
123,Shawn,White,74
124,Scott,Thompson,32
125,Timothy,Schmidt,29
126,Thomas,Garza,28
127,Laurie,Mcgee,33
128,Kyle,Salazar,44
129,Suzanne,Dawson,73
130,Valerie,Miranda,100
131,Kyle,Yang,59
132,Daniel,Allen,76
133,Richard,Christensen,38
134,Andrew,Coleman,85
135,Megan,Meyers,30
136,Christine,Lopez,76
137,Joy,Knight,67
138,Brenda,Page,74
139,David,Daniel,66
140,Richard,Chase,62
141,Sarah,Collins,47
142,Cory,Conway,95
143,Curtis,Lee,23
144,Angela,Gray,40
145,Michelle,Harris,43
146,Maria,Evans,83
147,John,Thomas,28
148,John,Thomas,67
149,Samuel,Hays,94
150,Regina,Jackson,80
151,Misty,Walker,37
152,Shannon,Harmon,95
153,Thomas,Morris,33
154,Robert,Jackson,75
155,Ronald,Rivera,75
156,Manuel,Smith,23
157,Rebecca,Morris,21
158,Robert,Caldwell,88
159,Sarah,Young,39
160,Jennifer,Harris,27
161,Tyler,Jackson,69
162,Richard,Edwards,68
163,Craig,Mccoy,52
164,Robert,Soto,42
165,Alexander,Ramos,24
166,David,Martin,37
167,Stephanie,Rodriguez,47
168,Beverly,Sutton,89
169,Jessica,Martinez,72
170,Donald,Cooley,81
171,David,Bennett,73
172,James,Ross,52
173,Joan,Zimmerman,88
174,Matthew,Crane,29
175,Tiffany,Hill,70
176,Amanda,Ware,20
177,Angela,Ortiz,63
178,Shelby,Fisher,38
179,Leslie,Butler,41
180,Maria,Hernandez,53
181,Betty,Yang,33
182,Anthony,Trevino,57
183,Jason,Howell,22
184,Gregory,Gibson,71
185,Harry,Hart,50
186,Martha,Pratt,29
187,Danielle,Gill,19
188,Samuel,Cisneros,32
189,Steven,Lee,91
190,Nicholas,Schaefer,61
191,Don,Peck,97
192,April,Bailey,20
193,Anthony,Hernandez,26
194,Ryan,Barton,50
195,Virginia,Nixon,96
196,Lisa,Hill,39
197,Jonathan,Young,46
198,Lori,Ibarra,21
199,Emily,Burton,38
200,Anne,Price,19
201,Patricia,Evans,60
202,Briana,Blair,68
203,Daisy,Lyons,41
204,Howard,Odom,36
205,Nicholas,Garcia,45
206,Harold,Harmon,76
207,Charles,Coleman,27
208,Kevin,Knapp,21
209,Robert,Arnold,37
210,Michael,Johnson,20
211,Brett,Herring,98
212,Laurie,Martin,26
213,Andrew,Savage,53
214,Andrew,Frey,43
215,Shannon,Lopez,55
216,Brenda,Carr,87
217,Lawrence,Johnson,94
218,Justin,Moran,94
219,Jeremy,Phillips,68
220,Joseph,Duran,38
221,Devin,Freeman,96
222,Elizabeth,Lloyd,23
223,Melissa,Lee,99
224,Jeremy,Guerrero,73
225,Jerome,Evans,86
226,Donna,Martinez,95
227,Mark,Lawrence,84
228,Christopher,Day,65
229,Nicholas,Jennings,32
230,Joseph,Mendoza,24
231,Daniel,Hernandez,20
232,Rose,Carney,50
233,Vernon,Gibson,91
234,Bruce,Tucker,43
235,Joshua,Cameron,69
236,Karen,Burch,100
237,David,Holmes,43
238,Shawn,Smith,27
239,Michael,Shaw,27
240,Colleen,Keller,91
241,Christopher,Valentine,56
242,Katelyn,Reid,47
243,John,Norman,33
244,Ashley,Mann,21
245,Patrick,Brooks,82
246,Jason,Garner,27
247,Christopher,Lam,50
248,Michael,Miller,52
249,Zoe,Franklin,23
250,Robert,Freeman,53
251,Megan,Rivera,35
252,Robert,Chan,96
253,Jack,Roberts,98
254,Charles,Reyes,45
255,Michael,Boyer,54
256,Morgan,Santiago,80
257,Brian,Bradford,80
258,Cristina,Jones,59
259,Stephanie,Burnett,81
260,Christopher,Williams,42
261,Paula,Clark,62
262,Keith,Martinez,82
263,Kaitlin,Reyes,33
264,Raven,Meyers,43
265,Paul,Mcgee,55
266,Maria,Williamson,20
267,Sara,Cole,26
268,Terri,Mckay,38
269,Kristine,Moon,58
270,Jeffrey,Meadows,62
271,Christopher,Wilson,42
272,Sierra,Schmidt,35
273,Brenda,Rocha,53
274,Bryan,Daniels,93
275,Mark,Hernandez,45
276,Andrew,Gomez,56
277,Nicole,Santiago,72
278,Jessica,Jennings,67
279,Stephen,Wagner,78
280,Whitney,Miller,65
281,Erica,Smith,60
282,Jesus,Chambers,67
283,Jordan,Nicholson,42
284,Monica,Holden,35
285,Jessica,Guerra,73
286,Christopher,Fitzpatrick,25
287,Natasha,Lee,69
288,Eric,Russell,18
289,Traci,Underwood,31
290,Brittany,Fields,91
291,Jeffrey,Figueroa,98
292,Robin,Bates,94
293,Sharon,Gilbert,52
294,Angelica,Brown,98
295,Courtney,Johnson,20
296,Andrea,Howard,92
297,Alicia,Crawford,71
298,Chris,Fernandez,43
299,Joe,Miller,95
300,Tyler,Miller,78
301,William,Benson,34
302,Carolyn,Munoz,82
303,Sarah,Sullivan,85
304,Alexis,Bullock,95
305,James,Gonzalez,58
306,George,Allen,88
307,Brian,Miller,86
308,Daniel,Banks,66
309,Ralph,Graham,24
310,Katherine,Todd,45
311,Michael,Cox,26
312,Kathryn,Wheeler,27
313,Matthew,Krueger,62
314,Nathan,Bennett,72
315,Danielle,Hayes,42
316,Tristan,Bates,58
317,Ivan,Hudson,63
318,Melissa,Edwards,87
319,Richard,Foster,35
320,Richard,Jarvis,39
321,Julie,Owen,31
322,Aaron,Nelson,59
323,Ronald,Morales,28
324,Elizabeth,Roberts,78
325,Madison,Wagner,53
326,Antonio,Murray,48
327,Melissa,Gonzalez,75
328,Christopher,Hunter,34
329,Christopher,Wilson,84
330,Richard,Valencia,40
331,Michelle,Andersen,98
332,Anthony,Taylor,47
333,Lori,Mason,38
334,Gerald,Martinez,41
335,Jessica,Martinez,60
336,Darrell,Little,86
337,Tara,Smith,90
338,Antonio,Frank,86
339,Michael,Townsend,75
340,Nancy,Hoffman,76
341,Darlene,Kane,19
342,Christopher,Morales,93
343,Jared,Burgess,89
344,Jeffrey,Moore,75
345,Sarah,Conner,55
346,Jessica,Lamb,83
347,Rebecca,Perry,93
348,Rachel,Morris,87
349,John,Smith,47
350,Julian,Smith,85
351,Valerie,Holland,80
352,Robin,Bass,67
353,Catherine,Long,78
354,Charlene,Beasley,76
355,Damon,Joyce,78
356,Cathy,Bailey,65
357,Robert,Allen,64
358,Andrew,Schmitt,18
359,Frank,Mcneil,61
360,Matthew,Chan,37
361,Derek,Collins,92
362,John,Kennedy,18
363,Colleen,Vasquez,91
364,Joseph,Lynch,24
365,Dominic,Stephens,44
366,Shaun,Moon,37
367,Jodi,Mcgee,52
368,Billy,Hernandez,77
369,Michael,Pittman,37
370,Gregory,Jones,75
371,Anthony,Osborne,18
372,Kyle,Hamilton,93
373,Felicia,Butler,24
374,Sarah,Rodriguez,23
375,Carrie,James,81
376,Megan,Hughes,100
377,Laura,Hunt,90
378,Kevin,Rice,66
379,Linda,Clay,57
380,Michael,Byrd,57
381,Thomas,Rollins,76
382,Jeffrey,Cooley,25
383,Daryl,Navarro,32
384,Kyle,Ford,42
385,Pamela,Hicks,40
386,Kathryn,Collins,32
387,Julie,Rodriguez,81
388,Elizabeth,Mathis,59
389,Courtney,Haynes,25
390,Mary,Moore,35
391,Elaine,Castro,95
392,Sue,Jones,90
393,Jody,Warren,30
394,Robin,Gomez,56
395,Kyle,Patterson,34
396,Margaret,Sanders,24
397,Mark,Todd,78
398,Jennifer,Mercer,99
399,Kelly,Greene,29
400,Katherine,Perry,78
401,Robert,Mcclure,64
402,Andrea,Moore,92
403,Patricia,Clark,71
404,Anita,Charles,74
405,Amy,Snyder,25
406,Shannon,Obrien,30
407,Wendy,Garcia,95
408,Heather,Hunt,22
409,Taylor,Jackson,49
410,Thomas,Mccarthy,78
411,Paul,Valencia,32
412,Ricky,Riddle,33
413,Erik,Castillo,31
414,Richard,Yoder,27
415,Mariah,Morris,90
416,Robert,Gregory,59
417,Timothy,Fowler,35
418,Tammy,Jones,88
419,Nancy,Alexander,75
420,Vanessa,Haley,45
421,Ian,Mccoy,90
422,Derek,Brown,67
423,Melissa,Herrera,32
424,Paul,Mclaughlin,59
425,Danielle,Davis,76
426,Michael,Jensen,88
427,Christopher,Morrison,40
428,John,Mendoza,60
429,Kristin,Alvarez,34
430,Kristen,Garcia,68
431,Charles,Perkins,93
432,Karen,Hodges,29
433,Hannah,Thomas,96
434,Joseph,Mendoza,45
435,Julie,Oliver,78
436,Haley,Johnson,98
437,Andrea,Shah,91
438,Kevin,Rodriguez,56
439,Nathan,Hernandez,82
440,Jack,Wood,88
441,Rebecca,Burns,98
442,Erika,Martin,34
443,Craig,Cook,90
444,Shawn,Anderson,19
445,Benjamin,Anderson,33
446,Mason,Martin,84
447,Timothy,Larson,31
448,Shannon,Huang,41
449,Andrea,Roberts,77
450,Linda,King,55
451,Carla,Bryant,69
452,Jessica,Martin,94
453,Caitlyn,Ellis,33
454,Christina,Miller,45
455,Robert,Morrison,54
456,Jeremy,Ellis,23
457,Sheena,Gordon,18
458,Peter,Rowe,20
459,Mariah,Roman,99
460,Jimmy,Mann,51
461,Melissa,Mason,81
462,Jerome,Solis,62
463,Katelyn,Adams,81
464,Matthew,Warren,40
465,Tracey,Houston,21
466,Joel,Martin,77
467,Timothy,Johnston,32
468,Angela,Cunningham,49
469,Laurie,Taylor,62
470,Bobby,Chandler,24
471,Brandon,Peck,23
472,James,Crane,89
473,Katelyn,Pace,71
474,Brittany,Hancock,93
475,Sara,Wright,30
476,Mary,Harris,93
477,Heather,Willis,47
478,Wesley,Wheeler,34
479,Scott,Clarke,76
480,Robert,Hicks,33
481,Ann,Jackson,89
482,Darrell,Robinson,95
483,Elizabeth,Jennings,98
484,Brandi,Dixon,28
485,Rodney,Wheeler,79
486,Annette,Yang,28
487,Frank,Holder,29
488,Lawrence,Taylor,79
489,Austin,Williams,50
490,Carol,Smith,76
491,Diane,Davis,28
492,Laura,Turner,59
493,Heather,Williams,63
494,Jacob,Brooks,86
495,Vanessa,Rhodes,45
496,Lisa,Carr,32
497,Hector,Powell,18
498,Tamara,Barry,25
499,Julie,Solomon,92
500,Mary,Smith,56
501,Chad,White,56
502,Tim,Davis,94
503,Carl,Woods,86
504,William,Wilson,34
505,Joshua,Estrada,33
506,Tracy,Johnson,69
507,Joshua,Keith,27
508,Jesse,Walker,92
509,Elizabeth,Johnson,25
510,Brian,Valencia,36
511,Cheyenne,Bryant,34
512,Kristina,Miller,68
513,Jennifer,Benton,75
514,Tiffany,Harrison,58
515,Jonathan,Livingston,73
516,Frank,Jefferson,35
517,Lisa,Erickson,99
518,Brett,Parker,22
519,Thomas,Vaughan,58
520,Jason,Davis,78
521,Lisa,Parker,25
522,Barbara,Meadows,55
523,John,Sanchez,28
524,Emma,Rodriguez,70
525,William,Thompson,82
526,Samantha,Martin,58
527,Amanda,Munoz,23
528,Joshua,Dunn,29
529,Nicholas,Carlson,37
530,Kimberly,Lynch,70
531,Andrew,Matthews,55
532,Lance,Smith,97
533,Randall,Parker,81
534,Alice,Williams,89
535,Robert,Smith,42
536,Daniel,Hudson,45
537,Xavier,Fleming,73
538,Michael,Herrera,97
539,Jonathan,Rodriguez,97
540,Rachel,Johnson,44
541,Zachary,Carr,27
542,James,Martin,75
543,Anthony,Richardson,21
544,Timothy,Norton,39
545,Danielle,Thompson,84
546,Brittany,Powell,51
547,Brian,Young,80
548,Cassandra,Martinez,92
549,Alexis,Chang,55
550,Darrell,Brooks,77
551,David,Nguyen,61
552,Jason,Stewart,31
553,Veronica,Roth,20
554,David,Wright,73
555,Wanda,Wallace,38
556,Kyle,Gutierrez,34
557,Benjamin,Holmes,82
558,Jason,Stout,31
559,Casey,Ortiz,25
560,Gabriel,Smith,21
561,Anna,Garcia,72
562,Brandy,Page,79
563,Noah,Holmes,81
564,Mandy,Smith,51
565,David,Nichols,92
566,Susan,Owen,39
567,Mandy,Russo,84
568,Brian,Woods,84
569,Michael,Miller,22
570,Brittany,Smith,35
571,Donna,Williams,49
572,Kelsey,Jones,84
573,Kevin,Fuller,78
574,Brenda,Patrick,37
575,Teresa,Kelly,76
576,Ricky,Love,37
577,Olivia,Holloway,91
578,Bethany,Crawford,46
579,Jodi,Davis,59
580,Steven,Moran,68
581,Steven,Phillips,37
582,Charlene,Mendez,81
583,Erin,Baker,75
584,Rebecca,Johnson,43
585,Scott,Jones,31
586,Carlos,Robinson,55
587,Joshua,Patterson,39
588,Jose,Arnold,83
589,Daniel,Obrien,26
590,Carolyn,Kelly,55
591,Matthew,Brown,25
592,Robert,Anderson,47
593,Eric,Sanders,44
594,Diana,Mann,60
595,James,Everett,90
596,Carla,Porter,29
597,Julia,Carroll,55
598,Joanna,Love,62
599,Kathryn,Singh,65
600,Jeffrey,Armstrong,80
601,Robert,Wallace,33
602,Bradley,Smith,51
603,John,Chapman,86
604,Susan,Lozano,37
605,Amanda,Smith,74
606,Julia,White,84
607,Micheal,Cisneros,58
608,Gloria,Williams,74
609,Barbara,Peck,97
610,Andrew,Price,39
611,Christine,Alvarado,71
612,Charlotte,Chavez,39
613,Lisa,Scott,46
614,Ashley,Parker,80
615,Kathryn,Barnes,21
616,Ryan,Huff,60
617,Jacob,Mcdaniel,26
618,Christopher,Mcmillan,99
619,Robin,Schneider,34
620,Christine,Johnson,42
621,Theresa,Bailey,66
622,Alexander,Morgan,21
623,Jade,Hughes,74
624,Lori,Nunez,83
625,Cheryl,Galloway,64
626,Steven,Price,74
627,Bruce,Butler,84
628,Jasmine,Kim,93
629,Dawn,Callahan,36
630,Marie,Vincent,20
631,Michael,Johnson,49
632,Ellen,Scott,79
633,Angela,Brown,52
634,Vickie,Carter,36
635,Sharon,Peters,69
636,Mark,Hopkins,64
637,Lisa,Garcia,67
638,Stephanie,Dalton,78
639,Jesse,Stuart,33
640,Molly,Humphrey,31
641,Brian,Massey,100
642,Miguel,Wright,36
643,Anna,Walls,80
644,John,Nash,88
645,Adam,Kent,35
646,Shane,Cooper,24
647,Maria,Caldwell,27
648,David,Jackson,22
649,Sandra,Cooke,67
650,Karen,Elliott,37
651,Patrick,Harmon,37
652,Deborah,Dunn,30
653,Katie,Brown,71
654,James,Hess,87
655,Jacob,Moore,44
656,Sarah,Jones,23
657,Michael,Stout,73
658,Christopher,Aguirre,46
659,Megan,Kelley,42
660,Robin,Shaw,77
661,Christopher,Walker,25
662,John,Ayala,30
663,Tracy,Chandler,32
664,Kenneth,Edwards,81
665,Alexis,Howard,33
666,Justin,Owen,89
667,Noah,Ramirez,82
668,Laura,Zuniga,93
669,Stephanie,Ochoa,59
670,Larry,Adams,64
671,Dennis,Riley,48
672,Vernon,Preston,65
673,Alicia,Mendoza,68
674,Angela,Henderson,78
675,David,Thomas,88
676,John,Sullivan,36
677,Rebecca,Tucker,100
678,Cynthia,Luna,81
679,Deborah,Harris,86
680,Stephen,Hunter,91
681,Jeffery,Martin,73
682,Matthew,Aguilar,55
683,Sean,Harris,27
684,Aimee,Monroe,47
685,Christopher,Harris,90
686,Richard,Clark,85
687,Lisa,Williams,99
688,Joseph,Murphy,35
689,Haley,Baker,37
690,Sandra,Mueller,63
691,Claire,Macias,65
692,Elizabeth,Good,39
693,Thomas,Rodriguez,66
694,Ruben,Suarez,45
695,Robert,Cook,96
696,Cynthia,Gardner,47
697,David,Mccall,37
698,Cathy,Ramirez,60
699,Louis,Phillips,95
700,Pamela,Mullins,80
701,Jaime,Campbell,23
702,Mark,Grant,53
703,Melissa,Campbell,49
704,Sharon,Mathews,80
705,Gary,Mcdaniel,88
706,Caitlin,Harris,92
707,Debbie,Johnson,95
708,Charles,Wilson,95
709,Joanna,Fleming,99
710,Brandi,Fisher,94
711,Danielle,Cook,50
712,Timothy,Adams,34
713,Sean,Jones,98
714,Sandra,Davis,25
715,Ricky,Miller,64
716,Tyler,Ray,38
717,Sara,Neal,34
718,Ronald,Cole,73
719,Craig,Matthews,87
720,Jennifer,Grant,89
721,Angela,Mckinney,84
722,Anna,Adams,83
723,Rodney,Johnson,34
724,Brittany,Shelton,62
725,Jerry,Castillo,25
726,Emily,Hardy,20
727,Justin,Cunningham,65
728,Catherine,Scott,78
729,John,Garcia,79
730,Amber,Moore,68
731,Juan,Anderson,51
732,Kathleen,Acosta,58
733,Robert,Munoz,100
734,Steven,Graham,70
735,Meghan,Watkins,77
736,Scott,Rivera,49
737,Robert,Leon,71
738,Brittany,Cook,98
739,Elizabeth,Herrera,25
740,Michael,Branch,59
741,Kathleen,Maxwell,98
742,Kyle,Werner,64
743,George,Calhoun,42
744,Frank,Wood,66
745,Caitlyn,Webb,88
746,Diana,Cooper,47
747,Amy,Baker,64
748,David,Davis,42
749,Kristina,White,72
750,Lori,Glenn,27
751,Daniel,Benson,77
752,Megan,Sherman,64
753,Derrick,Yang,23
754,Claire,Foster,81
755,Gail,Edwards,21
756,Brian,Smith,47
757,Michael,Rodriguez,37
758,Michael,Stevenson,24
759,Christian,Rodriguez,97
760,Charles,Ward,20
761,Matthew,Joseph,90
762,Steve,Lawson,23
763,Samantha,Thompson,24
764,Tiffany,Kelly,43
765,Charlotte,Chen,95
766,Jonathan,Williams,27
767,Jose,Mahoney,83
768,Elizabeth,Hill,91
769,Christine,Hill,56
770,Sharon,Marshall,66
771,David,Mejia,18
772,Anthony,Davis,84
773,Jeff,Meyers,40
774,Madeline,Adams,88
775,Nicole,Gutierrez,88
776,David,Hernandez,32
777,Vanessa,Cuevas,70
778,Matthew,Rose,37
779,Amanda,Miller,92
780,Kyle,Lewis,18
781,Anne,Mosley,54
782,Brenda,Porter,67
783,Pamela,Garcia,38
784,Amanda,Green,100
785,Anthony,Sanchez,60
786,Richard,Wolfe,76
787,Jason,Lopez,30
788,Kimberly,Mullins,32
789,Anthony,Wilson,42
790,Brandon,Lopez,19
791,Omar,Thompson,99
792,Mark,Jimenez,81
793,Kristine,Bartlett,48
794,Robert,Wallace,80
795,David,Edwards,48
796,Julie,Dodson,66
797,Jeffrey,Watson,77
798,Michelle,Jordan,64
799,Gregory,Gonzalez,71
800,James,Mclaughlin,71
801,Ashley,Hensley,56
802,Eileen,Smith,84
803,Steve,Howard,49
804,Kelly,Kennedy,20
805,James,Williams,67
806,James,Arnold,40
807,Matthew,Gregory,24
808,Wesley,Crawford,82
809,Aaron,Hernandez,55
810,Steven,Mcgee,55
811,Jerry,Monroe,42
812,Christopher,Cabrera,56
813,Brian,Collier,42
814,Michael,Parker,74
815,Calvin,Compton,26
816,David,Romero,99
817,Cassandra,Waller,82
818,Michael,Hunter,33
819,Christy,Cabrera,69
820,Anthony,Cameron,37
821,Charles,West,72
822,Trevor,Sanchez,99
823,Lisa,Allen,55
824,Cynthia,Wilson,32
825,Patrick,Lee,95
826,Steven,Hurst,56
827,Matthew,Fowler,58
828,Megan,Preston,55
829,Brenda,Harvey,66
830,Matthew,Carson,62
831,Joanna,Jones,73
832,Heather,Wolfe,94
833,Aaron,Shields,57
834,Edward,Palmer,56
835,Paul,Wagner,39
836,Lydia,Curtis,29
837,Amy,Moore,91
838,Jeremy,Wilson,32
839,Bradley,Fisher,19
840,David,Valenzuela,94
841,Juan,Ruiz,92
842,Steven,Buck,40
843,Ricardo,Murphy,77
844,Stephanie,Williams,82
845,Carol,Flynn,98
846,Arthur,Edwards,23
847,Darrell,Richardson,74
848,Michael,Ferguson,78
849,Allen,Velasquez,94
850,Dustin,Wilson,36
851,Amanda,Spence,98
852,Janet,Reeves,70
853,Michael,Andrews,80
854,Michael,Gutierrez,74
855,Brian,Weber,28
856,Katie,Green,47
857,Sarah,Anderson,73
858,Natalie,Matthews,36
859,James,Robles,45
860,Alexandra,Golden,35
861,Lori,Olson,25
862,Tara,Harris,28
863,Michael,Huffman,84
864,Mario,Gonzalez,69
865,Jody,Estrada,24
866,Gerald,Lewis,60
867,Teresa,Woodard,19
868,Brittany,Burton,95
869,Bobby,Alvarado,18
870,Stephanie,Fowler,91
871,Jamie,Lara,45
872,Lauren,Benson,57
873,Eric,Martin,39
874,Michelle,Hurley,98
875,Regina,Perez,18
876,Nicholas,Snyder,27
877,Michael,Erickson,44
878,Christopher,Browning,36
879,Raymond,Stephens,54
880,Patrick,Cunningham,85
881,Christopher,Hamilton,41
882,Christopher,Taylor,41
883,Amber,Arnold,23
884,Aaron,Smith,40
885,Thomas,Robinson,83
886,Dennis,Bailey,32
887,Sharon,Gutierrez,19
888,Sarah,Smith,48
889,Edward,Avila,100
890,Frances,Daniels,28
891,Amy,Allen,35
892,Stacy,Mckinney,27
893,William,Davis,100
894,Michael,Zuniga,85
895,David,Tucker,95
896,Devin,Barajas,82
897,Kristy,Rollins,74
898,Susan,Hayes,34
899,Brittany,Weiss,95
900,Amber,Kelley,78
901,Brian,Woods,58
902,Elaine,Kramer,87
903,Douglas,Buck,89
904,Daniel,Anderson,91
905,Megan,Lee,22
906,Meredith,Sawyer,30
907,Valerie,Johnson,83
908,Thomas,Jackson,88
909,Stephanie,Ross,53
910,Dominique,Clark,33
911,Anna,Freeman,36
912,Mathew,Evans,50
913,James,Ramos,90
914,Kimberly,Lawrence,87
915,Thomas,Castro,49
916,Jeffrey,Walker,49
917,Tracy,Barrett,30
918,Michele,Torres,23
919,Christopher,Orozco,47
920,Chelsea,Huerta,20
921,Paul,Williams,36
922,Kevin,Klein,70
923,Rachel,Jimenez,31
924,Scott,Duncan,46
925,Lisa,Moon,52